{
    "Train Accuracy": [
        98.64666666666666,
        98.13333333333334,
        99.72666666666667,
        99.75333333333333,
        99.97166666666666
    ],
    "Train Loss": [
        0.043831928964455924,
        0.056428256034851076,
        0.010968824401994546,
        0.00964212549229463,
        0.0037327391043305395
    ],
    "Test Accuracy": [
        98.41,
        97.67,
        99.18,
        99.11,
        99.28
    ],
    "Test Loss": [
        0.05013682142607868,
        0.07460889795124531,
        0.025502468824479728,
        0.028265250483900307,
        0.022215421904623507
    ]
}