{
    "Train Accuracy": [
        97.845,
        98.74125,
        98.44791666666667,
        99.16291666666666,
        99.165
    ],
    "Train Loss": [
        0.06776349199215571,
        0.042414588156342505,
        0.053452204047640166,
        0.03268463032643,
        0.03203238107661406
    ],
    "Test Accuracy": [
        98.39,
        97.13,
        97.28,
        98.68,
        98.36
    ],
    "Test Loss": [
        0.04949823319558054,
        0.09536162296831607,
        0.09036292203068733,
        0.04957750454172492,
        0.05775329654738307
    ]
}