{
    "Train Loss": [
        0.7167031877487898,
        0.56034613981843,
        0.551828693524003,
        0.5522326066779594,
        0.5393119169523318,
        0.5192481508602699,
        0.498849328532815,
        0.5130051951482892,
        0.494403681991001,
        0.5046235307802757,
        0.5103408532341321,
        0.5018813096235196,
        0.4966648017366727,
        0.49601046182059993,
        0.49021820701658725,
        0.4988691083714366,
        0.5496052817689876,
        0.4914303895458579,
        0.48618068512529133,
        0.48282445637509225,
        0.4729481470584869,
        0.48812840751061837,
        0.500738770365715,
        0.4947519407483439,
        0.4863682400652518,
        0.4707198331008355,
        0.4725824795787533,
        0.4696410567437609,
        0.45219549524287384,
        0.46926308888942003
    ],
    "Train Accuracy": [
        71.33333333333333,
        74.66666666666667,
        75.33333333333333,
        65.33333333333333,
        74.66666666666667,
        78.0,
        75.33333333333333,
        77.33333333333333,
        75.33333333333333,
        77.33333333333333,
        76.0,
        74.66666666666667,
        76.66666666666667,
        76.0,
        76.66666666666667,
        75.33333333333333,
        76.0,
        74.66666666666667,
        74.66666666666667,
        74.66666666666667,
        73.33333333333333,
        75.33333333333333,
        78.0,
        74.66666666666667,
        74.66666666666667,
        78.66666666666667,
        78.0,
        78.0,
        77.33333333333333,
        78.0
    ],
    "Test Accuracy": [
        68.42105263157895,
        68.42105263157895,
        68.42105263157895,
        52.63157894736842,
        65.78947368421052,
        73.6842105263158,
        73.6842105263158,
        68.42105263157895,
        65.78947368421052,
        71.05263157894737,
        71.05263157894737,
        73.6842105263158,
        73.6842105263158,
        73.6842105263158,
        73.6842105263158,
        73.6842105263158,
        68.42105263157895,
        73.6842105263158,
        68.42105263157895,
        73.6842105263158,
        68.42105263157895,
        65.78947368421052,
        71.05263157894737,
        73.6842105263158,
        73.6842105263158,
        73.6842105263158,
        73.6842105263158,
        71.05263157894737,
        76.3157894736842,
        68.42105263157895
    ]
}