{
    "Train Loss": [
        0.6249491556485494,
        0.5966397261619568,
        0.5522005184491475,
        0.5391960080464681,
        0.4976290814081828,
        0.5203520353635153,
        0.5142035774389903,
        0.5061462712287903,
        0.4808867641290029,
        0.49711599032084147,
        0.47848574082056683,
        0.4776724135875702,
        0.5004356280962626,
        0.48401569326718646,
        0.5178649413585663,
        0.4790678377946218,
        0.4918494661649068,
        0.4870883862177531,
        0.4884507481257121,
        0.4774169047673543,
        0.45935587604840594,
        0.471440399090449,
        0.488825364112854,
        0.4704567794005076,
        0.46756510217984515,
        0.46413635889689125,
        0.46066136757532755,
        0.46817490180333454,
        0.4933317836125692,
        0.4859506924947103
    ],
    "Train Accuracy": [
        65.33333333333333,
        66.66666666666667,
        75.33333333333333,
        75.33333333333333,
        71.33333333333333,
        75.33333333333333,
        75.33333333333333,
        74.0,
        74.0,
        76.0,
        77.33333333333333,
        75.33333333333333,
        74.66666666666667,
        72.0,
        77.33333333333333,
        77.33333333333333,
        77.33333333333333,
        75.33333333333333,
        74.66666666666667,
        74.66666666666667,
        76.66666666666667,
        78.0,
        77.33333333333333,
        74.66666666666667,
        78.66666666666667,
        78.66666666666667,
        77.33333333333333,
        76.66666666666667,
        74.66666666666667,
        74.0
    ],
    "Test Accuracy": [
        73.6842105263158,
        68.42105263157895,
        68.42105263157895,
        65.78947368421052,
        65.78947368421052,
        71.05263157894737,
        71.05263157894737,
        68.42105263157895,
        68.42105263157895,
        68.42105263157895,
        71.05263157894737,
        73.6842105263158,
        73.6842105263158,
        73.6842105263158,
        71.05263157894737,
        71.05263157894737,
        76.3157894736842,
        68.42105263157895,
        63.1578947368421,
        73.6842105263158,
        68.42105263157895,
        76.3157894736842,
        76.3157894736842,
        65.78947368421052,
        76.3157894736842,
        76.3157894736842,
        76.3157894736842,
        76.3157894736842,
        71.05263157894737,
        63.1578947368421
    ]
}