{
    "Train Loss": [
        0.677757781346639,
        0.6117691477139791,
        0.5879029965400696,
        0.5483109517892202,
        0.5201072561740875,
        0.4980572585264842,
        0.49333689133326214,
        0.5136888817946116,
        0.4724212110042572,
        0.487156704266866,
        0.47197795391082764,
        0.4955357360839844,
        0.4866354258855184,
        0.522177658478419,
        0.4910382298628489,
        0.4874343534310659,
        0.4660661021868388,
        0.46871502419312794,
        0.4643323588371277,
        0.4564859406153361,
        0.4666416064898173,
        0.4553914082050323,
        0.4556099971135457,
        0.49880430698394773,
        0.4940024453401566,
        0.482636714776357,
        0.46407428542772927,
        0.4668755845228831,
        0.4482573731740316,
        0.46116830428441363
    ],
    "Train Accuracy": [
        68.0,
        69.33333333333333,
        72.66666666666667,
        72.66666666666667,
        74.0,
        74.0,
        74.0,
        74.0,
        75.33333333333333,
        73.33333333333333,
        74.0,
        76.66666666666667,
        77.33333333333333,
        78.66666666666667,
        77.33333333333333,
        76.66666666666667,
        75.33333333333333,
        78.66666666666667,
        75.33333333333333,
        78.66666666666667,
        74.66666666666667,
        78.66666666666667,
        77.33333333333333,
        76.66666666666667,
        77.33333333333333,
        75.33333333333333,
        75.33333333333333,
        78.66666666666667,
        74.66666666666667,
        78.0
    ],
    "Test Accuracy": [
        65.78947368421052,
        63.1578947368421,
        68.42105263157895,
        68.42105263157895,
        71.05263157894737,
        71.05263157894737,
        68.42105263157895,
        68.42105263157895,
        68.42105263157895,
        73.6842105263158,
        73.6842105263158,
        73.6842105263158,
        68.42105263157895,
        73.6842105263158,
        71.05263157894737,
        76.3157894736842,
        73.6842105263158,
        73.6842105263158,
        65.78947368421052,
        73.6842105263158,
        63.1578947368421,
        78.94736842105263,
        68.42105263157895,
        73.6842105263158,
        68.42105263157895,
        73.6842105263158,
        63.1578947368421,
        78.94736842105263,
        63.1578947368421,
        76.3157894736842
    ]
}