{
    "Train Loss": [
        0.5741838245590528,
        0.5670639818906784,
        0.571710592508316,
        0.517344036300977,
        0.4836126842101415,
        0.5138313099741936,
        0.5408142530918121,
        0.5139432521661123,
        0.48678972164789835,
        0.47721596717834475,
        0.5237724436322848,
        0.4835321791966756,
        0.4858978129426638,
        0.5391487646102905,
        0.5026431127389273,
        0.4735736266771952,
        0.4764501682917277,
        0.4657335750261943,
        0.4912628090381622,
        0.4802950847148895,
        0.4681356676419576,
        0.46213449637095133,
        0.47917794227600097,
        0.4667830542723338,
        0.45941435972849526,
        0.47098114192485807,
        0.49181725800037385,
        0.4730922963221868,
        0.46116420507431033,
        0.483861398100853
    ],
    "Train Accuracy": [
        66.66666666666667,
        74.0,
        74.0,
        72.66666666666667,
        78.66666666666667,
        73.33333333333333,
        74.0,
        75.33333333333333,
        77.33333333333333,
        77.33333333333333,
        76.66666666666667,
        73.33333333333333,
        76.0,
        77.33333333333333,
        75.33333333333333,
        77.33333333333333,
        77.33333333333333,
        76.0,
        78.0,
        76.0,
        76.0,
        77.33333333333333,
        77.33333333333333,
        76.0,
        76.0,
        76.66666666666667,
        76.0,
        78.66666666666667,
        77.33333333333333,
        76.0
    ],
    "Test Accuracy": [
        68.42105263157895,
        65.78947368421052,
        65.78947368421052,
        63.1578947368421,
        68.42105263157895,
        71.05263157894737,
        71.05263157894737,
        71.05263157894737,
        71.05263157894737,
        68.42105263157895,
        68.42105263157895,
        68.42105263157895,
        68.42105263157895,
        73.6842105263158,
        65.78947368421052,
        76.3157894736842,
        71.05263157894737,
        71.05263157894737,
        68.42105263157895,
        73.6842105263158,
        71.05263157894737,
        71.05263157894737,
        68.42105263157895,
        68.42105263157895,
        65.78947368421052,
        68.42105263157895,
        68.42105263157895,
        73.6842105263158,
        76.3157894736842,
        68.42105263157895
    ]
}